Cluster_HAC,Age,Income,Total_Spending,Total_Purchases,Total_Children,Recency,NumWebVisitsMonth
0,57.02661596958175,75752.2005703422,1382.9277566539924,20.43916349809886,0.21863117870722434,47.840304182509506,2.9334600760456273
1,58.759820426487096,54675.204826038156,626.3692480359147,18.349046015712684,1.0897867564534232,50.49382716049383,5.575757575757576
2,52.61206896551724,32633.756157635467,79.10837438423646,7.442118226600985,1.2758620689655173,48.40394088669951,6.624384236453202
