Cluster_GMM,Age,Income,Total_Spending,Total_Purchases,Total_Children,Recency,NumWebVisitsMonth
0,54.2737030411449,36253.04382826476,124.11270125223614,8.810375670840788,1.2701252236135958,48.75402504472272,6.395348837209302
1,56.696,78028.676,1491.892,20.856,0.3,49.1,3.42
2,58.32752613240418,63904.533101045294,973.3101045296168,20.99767711962834,0.7282229965156795,49.56562137049942,4.512195121951219
