Cluster_KMeans,Age,Income,Total_Spending,Total_Purchases,Total_Children,Recency,NumWebVisitsMonth
0,53.77977315689981,35030.90217391304,100.56994328922495,8.01984877126654,1.2372400756143667,49.20226843100189,6.431001890359168
1,56.505514705882355,76403.72977941176,1417.9319852941176,20.74264705882353,0.19301470588235295,50.19669117647059,2.7941176470588234
2,59.70334928229665,58107.73763955343,752.7799043062201,21.330143540669855,1.1291866028708133,47.99840510366826,5.687400318979266
